Date,ReserveStart,ReserveEnd,ReserveTime,ConfStart,ConfEnd,ConfTime,Connect,CnfName,UserId,UserName,BelongingName,IsOwner,ConfId,ConfType,ReserveNum,Save,Print
2020/10/08,01:00:00,01:30:00,00:30:00,01:12:51,01:21:47,00:08:56,,"“o˜^Ò[  -‚²‹L“ü‰º‚³‚¢-  ] ‰ï‹c–¼[  -‚²‹L“ü‰º‚³‚¢- ]",cfk2,"@CFK No.2","Š‘®‚È‚µ",Reserved,60294,Discussion,2,Allow All,Allow All
,,,,,,,01:12:51,,uccr,"@UCC Rolling Meadows","Š‘®‚È‚µ",Participant,60294,,,,
2020/10/08,01:30:00,02:00:00,00:30:00,,,,,"“o˜^Ò[  -‚²‹L“ü‰º‚³‚¢-  ] ‰ï‹c–¼[  -‚²‹L“ü‰º‚³‚¢- ]",cfk2,"@CFK No.2","Š‘®‚È‚µ",Reserved,60295,Discussion,2,Allow All,Allow All
,,,,,,,,,uccr,"@UCC Rolling Meadows","Š‘®‚È‚µ",Participant,60295,,,,
2020/10/08,03:45:00,04:15:00,00:30:00,03:57:24,04:06:43,00:09:18,03:59:45,"“o˜^Ò[  -‚²‹L“ü‰º‚³‚¢-  ] ‰ï‹c–¼[  -‚²‹L“ü‰º‚³‚¢- ]",cfk2,"@CFK No.2","Š‘®‚È‚µ",Reserved,60296,Discussion,2,Allow All,Allow All
,,,,,,,03:59:41,,uccl,"@UCC Lansing","Š‘®‚È‚µ",Participant,60296,,,,
2020/10/08,07:00:00,19:00:00,12:00:00,07:53:33,19:00:42,11:07:09,08:41:11,"“o˜^Ò[ –‹Æ“Š‡•” ’†‘º  ] ‰ï‹c–¼[  ‘“àEŠCŠOPGM ]",gotanda3,"@Gotanda No.3","Š‘®‚È‚µ",Reserved,54232,Discussion,17,Allow All,Allow All
,,,,,,,09:03:28,,ccm,"@CCM MainOffce","Š‘®‚È‚µ",Participant,54232,,,,
,,,,,,,09:21:14,,ccw,"@CCW Wuxi","Š‘®‚È‚µ",Participant,54232,,,,
,,,,,,,07:53:33,,cfk1,"@CFK No.1","Š‘®‚È‚µ",Participant,54232,,,,
,,,,,,,,,cfkk1,"@CFK Kitakata Plant No.1","Š‘®‚È‚µ",Participant,54232,,,,
,,,,,,,08:35:58,,ciw1,"@CIW No.1","Š‘®‚È‚µ",Participant,54232,,,,
,,,,,,,08:20:35,,cmy1,"@CMY No.1","Š‘®‚È‚µ",Participant,54232,,,,
,,,,,,,09:17:39,,cna,"@CNA","Š‘®‚È‚µ",Participant,54232,,,,
,,,,,,,09:14:07,,csk,"@CSK Ohme","Š‘®‚È‚µ",Participant,54232,,,,
,,,,,,,09:14:35,,cym1,"@CYM No.1","Š‘®‚È‚µ",Participant,54232,,,,
,,,,,,,08:04:11,,cymy1,"@CYM Yonezawa Plant No.1","Š‘®‚È‚µ",Participant,54232,,,,
,,,,,,,09:22:04,,inc,"@INC INDONESIA","Š‘®‚È‚µ",Participant,54232,,,,
,,,,,,,,,niigata,"@Niigata","Š‘®‚È‚µ",Participant,54232,,,,
,,,,,,,09:20:04,,takahagi1,"@Takahagi No.1","Š‘®‚È‚µ",Participant,54232,,,,
,,,,,,,08:36:11,,tccp,"@TCC Puli","Š‘®‚È‚µ",Participant,54232,,,,
,,,,,,,08:46:28,,uccl,"@UCC Lansing","Š‘®‚È‚µ",Participant,54232,,,,
,,,,,,,08:45:39,,uccr,"@UCC Rolling Meadows","Š‘®‚È‚µ",Participant,54232,,,,
2020/10/08,08:00:00,12:45:00,04:45:00,08:16:42,12:51:43,04:35:01,09:01:59,"“o˜^Ò[  ••”  ] ‰ï‹c–¼[  ‡“¯•”‰ï ]",gotanda5,"@Gotanda No.5","Š‘®‚È‚µ",Reserved,55824,Discussion,9,Allow All,Allow All
,,,,,,,08:29:42,,fukuoka,"@Fukuoka Sales Office","Š‘®‚È‚µ",Participant,55824,,,,
,,,,,,,,,hokuriku,"@Hokuriku Sales Office","Š‘®‚È‚µ",Participant,55824,,,,
,,,,,,,08:25:37,,nagano,"@Nagano Sales Office","Š‘®‚È‚µ",Participant,55824,,,,
,,,,,,,09:47:44,,nagoya,"@Nagoya Sales Office","Š‘®‚È‚µ",Participant,55824,,,,
,,,,,,,08:52:46,,osaka,"@Osaka Sales Office","Š‘®‚È‚µ",Participant,55824,,,,
,,,,,,,,,sendai,"@Sendai Sales Office","Š‘®‚È‚µ",Participant,55824,,,,
,,,,,,,08:16:42,,sizuoka,"@Sizuoka Sales Office","Š‘®‚È‚µ",Participant,55824,,,,
,,,,,,,08:57:29,,utsuno,"@Kita-Kanto Sales Office","Š‘®‚È‚µ",Participant,55824,,,,
2020/10/08,08:30:00,17:45:00,09:15:00,10:14:06,11:10:38,00:56:32,10:14:06,"“o˜^Ò[  L•ñG‹{ì  ] ‰ï‹c–¼[  V»•iƒvƒŒƒXƒŠƒŠ[ƒX ]",gotanda1,"@Gotanda No.1","Š‘®‚È‚µ",Reserved,59964,Discussion,2,Allow All,Allow All
,,,,,,,,,cfk5,"@CFK No.5","Š‘®‚È‚µ",Participant,59964,,,,
2020/10/08,08:45:00,12:15:00,03:30:00,09:39:30,11:21:28,01:41:58,09:39:30,"“o˜^Ò[  ‹ZŠJ ‰ª  ] ‰ï‹c–¼[  •W€‰»ŒŸ“¢‰ï‹c ]",gotanda2,"@Gotanda No.2","Š‘®‚È‚µ",Reserved,60095,Discussion,5,Allow All,Allow All
,,,,,,,,,cfk2,"@CFK No.2","Š‘®‚È‚µ",Participant,60095,,,,
,,,,,,,09:53:20,,ciw2,"@CIW No.2","Š‘®‚È‚µ",Participant,60095,,,,
,,,,,,,09:57:03,,cmy2,"@CMY No.2","Š‘®‚È‚µ",Participant,60095,,,,
,,,,,,,,,cymy2,"@CYM Yonezawa Plant No.2","Š‘®‚È‚µ",Participant,60095,,,,
2020/10/08,08:45:00,11:45:00,03:00:00,08:55:55,10:37:48,01:41:52,08:57:57,"‘æˆê»•iŠJ”­•”@EêMtg",cfk6,"@CFK No.6","Š‘®‚È‚µ",Reserved,60102,Discussion,2,Allow All,Allow All
,,,,,,,08:55:55,,ciw3,"@CIW No.3","Š‘®‚È‚µ",Participant,60102,,,,
2020/10/08,09:30:00,16:00:00,06:30:00,09:31:14,14:56:44,05:25:30,09:36:51,"“o˜^Ò[  -ƒRƒCƒ‹ˆä‰ª-  ] ‰ï‹c–¼[  -GŒŸ‰ï‹c- ]",ciw4,"@CIW  No.4","Š‘®‚È‚µ",Reserved,59445,Discussion,3,Allow All,Allow All
,,,,,,,09:31:14,,cfk4,"@CFK No.4","Š‘®‚È‚µ",Participant,59445,,,,
,,,,,,,09:31:35,,gotanda4,"@Gotanda No.4","Š‘®‚È‚µ",Participant,59445,,,,
2020/10/08,10:00:00,12:00:00,02:00:00,10:00:42,11:54:53,01:54:11,10:00:42,"“o˜^Ò[  -ƒVƒXƒeƒ€¼“c-  ] ‰ï‹c–¼[  -CGMAP’I‰µ‘Å‡‚¹- ]",cmy3,"@CMY No.3","Š‘®‚È‚µ",Reserved,60203,Discussion,3,Allow All,Allow All
,,,,,,,10:01:11,,cym2,"@CYM No.2","Š‘®‚È‚µ",Participant,60203,,,,
,,,,,,,10:02:22,,system,"@Information System Department","Š‘®‚È‚µ",Participant,60203,,,,
2020/10/08,12:15:00,17:45:00,05:30:00,12:40:28,17:41:19,05:00:51,12:43:00,"“o˜^Ò[  -¬—Ñ-  ] ‰ï‹c–¼[  -¼“ú–{‰ï‹c- ]",osaka2,"@Osaka Sales Office No.2","Š‘®‚È‚µ",Reserved,59947,Discussion,2,Allow All,Allow All
,,,,,,,12:40:28,,fukuoka,"@Fukuoka Sales Office","Š‘®‚È‚µ",Participant,59947,,,,
2020/10/08,12:45:00,18:00:00,05:15:00,12:52:27,17:33:24,04:40:56,13:08:32,"“o˜^Ò[  “c’†  ] ‰ï‹c–¼[  ƒJ[ƒGƒŒ‰ï‹c ]",gotanda6,"@Gotanda No.6","Š‘®‚È‚µ",Reserved,55792,Discussion,23,Allow All,Allow All
,,,,,,,15:36:12,,cck,"@CCK KOREA","Š‘®‚È‚µ",Participant,55792,,,,
,,,,,,,,,ccmp,"@CCM Penang Office","Š‘®‚È‚µ",Participant,55792,,,,
,,,,,,,,,ccs,"@CCS Shenzhen","Š‘®‚È‚µ",Participant,55792,,,,
,,,,,,,,,cct,"@CCT THAILAND","Š‘®‚È‚µ",Participant,55792,,,,
,,,,,,,13:04:02,,cfk2,"@CFK No.2","Š‘®‚È‚µ",Participant,55792,,,,
,,,,,,,,,ciw2,"@CIW No.2","Š‘®‚È‚µ",Participant,55792,,,,
,,,,,,,12:52:27,,cmy2,"@CMY No.2","Š‘®‚È‚µ",Participant,55792,,,,
,,,,,,,,,cna2,"@CNA No.2","Š‘®‚È‚µ",Participant,55792,,,,
,,,,,,,,,ctc,"@CTC","Š‘®‚È‚µ",Participant,55792,,,,
,,,,,,,13:01:15,,cym2,"@CYM No.2","Š‘®‚È‚µ",Participant,55792,,,,
,,,,,,,,,ecc,"@ECC EUROPE CHEMI-CON","Š‘®‚È‚µ",Participant,55792,,,,
,,,,,,,,,hcc,"@HCC HongKong","Š‘®‚È‚µ",Participant,55792,,,,
,,,,,,,,,hokuriku,"@Hokuriku Sales Office","Š‘®‚È‚µ",Participant,55792,,,,
,,,,,,,,,inc2,"@INC  INDONESIA No.2","Š‘®‚È‚µ",Participant,55792,,,,
,,,,,,,15:02:07,,nagoya,"@Nagoya Sales Office","Š‘®‚È‚µ",Participant,55792,,,,
,,,,,,,,,osaka,"@Osaka Sales Office","Š‘®‚È‚µ",Participant,55792,,,,
,,,,,,,13:05:51,,scc,"@SCC SINGAPORE","Š‘®‚È‚µ",Participant,55792,,,,
,,,,,,,,,sendai,"@Sendai Sales Office","Š‘®‚È‚µ",Participant,55792,,,,
,,,,,,,14:29:25,,sizuoka,"@Sizuoka Sales Office","Š‘®‚È‚µ",Participant,55792,,,,
,,,,,,,,,stc,"@STC Shanghai","Š‘®‚È‚µ",Participant,55792,,,,
,,,,,,,,,tcct,"@TCC Taipei","Š‘®‚È‚µ",Participant,55792,,,,
,,,,,,,12:54:59,,utsuno,"@Kita-Kanto Sales Office","Š‘®‚È‚µ",Participant,55792,,,,
2020/10/08,12:45:00,15:15:00,02:30:00,,,,,"“o˜^Ò[  -ˆê¶3G-  ] ‰ï‹c–¼[  -‘æˆê¶Y‹Zp•”3G‚ÌŒŸ- ]",ciw3,"@CIW No.3","Š‘®‚È‚µ",Reserved,59693,Discussion,2,Allow All,Allow All
,,,,,,,,,cfk3,"@CFK No.3","Š‘®‚È‚µ",Participant,59693,,,,
2020/10/08,12:45:00,16:00:00,03:15:00,12:50:42,14:27:39,01:36:56,12:54:12,"“o˜^Ò[  ¼Œ´  ] ‰ï‹c–¼[  ’†•”ƒuƒƒbƒN‰ï‹c ]",nagoya2,"@Nagoya Sales Office No.2","Š‘®‚È‚µ",Reserved,60303,Discussion,3,Allow All,Allow All
,,,,,,,12:57:08,,nagano,"@Nagano Sales Office","Š‘®‚È‚µ",Participant,60303,,,,
,,,,,,,12:50:42,,takahagi4,"@Takahagi No.4","Š‘®‚È‚µ",Participant,60303,,,,
2020/10/08,15:15:00,17:30:00,02:15:00,15:21:11,17:23:54,02:02:42,15:21:11,"“o˜^Ò[  IT –î  ] ‰ï‹c–¼[  CGMAP¶YŠÇ— ]",cmy3,"@CMY No.3","Š‘®‚È‚µ",Reserved,60063,Discussion,4,Allow All,Allow All
,,,,,,,15:24:06,,ciw3,"@CIW No.3","Š‘®‚È‚µ",Participant,60063,,,,
,,,,,,,15:26:55,,cym3,"@CYM No.3","Š‘®‚È‚µ",Participant,60063,,,,
,,,,,,,15:32:26,,system,"@Information System Department","Š‘®‚È‚µ",Participant,60063,,,,
2020/10/08,15:15:00,17:15:00,02:00:00,15:15:39,16:57:49,01:42:09,15:15:53,"“o˜^Ò[  -‚²‹L“ü‰º‚³‚¢-  ] ‰ï‹c–¼[  -‚²‹L“ü‰º‚³‚¢- ]",ciw4,"@CIW  No.4","Š‘®‚È‚µ",Reserved,60310,Discussion,2,Allow All,Allow All
,,,,,,,15:15:39,,cfk6,"@CFK No.6","Š‘®‚È‚µ",Participant,60310,,,,
2020/10/08,16:00:00,17:30:00,01:30:00,16:01:26,17:11:14,01:09:48,16:04:00,"“o˜^Ò[  “ñ•i O•i  ] ‰ï‹c–¼[  ••Œû”Å•ÏX–‘O‘Å‚¿‡‚í‚¹ ]",cna3,"@CNA No.3","Š‘®‚È‚µ",Reserved,60231,Discussion,2,Allow All,Allow All
,,,,,,,16:01:26,,gotanda5,"@Gotanda No.5","Š‘®‚È‚µ",Participant,60231,,,,
2020/10/08,16:00:00,17:30:00,01:30:00,,,,,"“o˜^Ò[ CSK‚‹´ ] ‰ï‹c–¼[LCA300ƒgƒŒƒCƒ`ƒFƒ“ƒWƒƒ[}–Ê‘Å‚¿‡‚í‚¹ ]",csks,"@CSK Sendai","Š‘®‚È‚µ",Reserved,60260,Discussion,2,Allow All,Allow All
,,,,,,,,,cfk3,"@CFK No.3","Š‘®‚È‚µ",Participant,60260,,,,
2020/10/08,17:30:00,18:30:00,01:00:00,17:31:08,17:59:44,00:28:36,17:31:08,"“o˜^Ò  ‰ï‹c–¼[  “ÁÌ_DLCAP—e—Ê¬‘Å‚¿‡‚í‚¹ ]",cym3,"@CYM No.3","Š‘®‚È‚µ",Reserved,60321,Discussion,2,Allow All,Allow All
,,,,,,,17:32:44,,cna3,"@CNA No.3","Š‘®‚È‚µ",Participant,60321,,,,
